,precision,recall,f1-score,support
No CHD,0.7878787878787878,0.8524590163934426,0.8188976377952756,61.0
CHD,0.6666666666666666,0.5625,0.6101694915254238,32.0
accuracy,0.7526881720430108,0.7526881720430108,0.7526881720430108,0.7526881720430108
macro avg,0.7272727272727273,0.7074795081967213,0.7145335646603497,93.0
weighted avg,0.7461713913326816,0.7526881720430108,0.74707720036909,93.0
