,precision,recall,f1-score,support
No CHD,0.7794117647058824,0.8688524590163934,0.8217054263565892,61.0
CHD,0.68,0.53125,0.5964912280701754,32.0
accuracy,0.7526881720430108,0.7526881720430108,0.7526881720430108,0.7526881720430108
macro avg,0.7297058823529412,0.7000512295081966,0.7090983272133823,93.0
weighted avg,0.7452055660974067,0.7526881720430108,0.7442123688816942,93.0
