Feature,Importance
alcohol,0.024495198321800138
obesity,0.027217850263720634
sbp,0.039869276251966394
famhist,0.048635758772256774
adiposity,0.06226561800830832
typea,0.08008880257762048
tobacco,0.09886370767449965
ldl,0.10341678225240572
age_tobacco,0.12373049044826656
age,0.19476181652769894
age_famhist,0.19665469890145643
